Id;OrderDate;OrderNumber;CardNo;TotalAmount
2;2012-07-05 00:00:00.000;542379;711744696;1863.4
3;2012-07-08 00:00:00.000;542380;421155371;1813
4;2012-07-08 00:00:00.000;542381;705238893;670.8
5;2012-07-09 00:00:00.000;542382;1791932167;3730
6;2012-07-10 00:00:00.000;542383;1880615517;1444.8
7;2012-07-11 00:00:00.000;542384;1257727963;625.2
8;2012-07-12 00:00:00.000;542385;335400903;2490.5
9;2012-07-15 00:00:00.000;542386;576518111;517.8
10;2012-07-16 00:00:00.000;542387;1488535073;1119.9
11;2012-07-17 00:00:00.000;542388;1461640169;2018.6
12;2012-07-18 00:00:00.000;542389;255184878;100.8
13;2012-07-19 00:00:00.000;542390;1545491647;1746.2
14;2012-07-19 00:00:00.000;542391;1593666410;448
15;2012-07-22 00:00:00.000;542392;1281235887;624.8
16;2012-07-23 00:00:00.000;542393;1633663637;2464.8
17;2012-07-24 00:00:00.000;542394;1278934089;724.5
18;2012-07-25 00:00:00.000;542395;169188080;1176
19;2012-07-26 00:00:00.000;542396;736481139;364.8
20;2012-07-29 00:00:00.000;542397;1909579947;4031
21;2012-07-30 00:00:00.000;542398;1137107509;1101.2
22;2012-07-31 00:00:00.000;542399;1834927678;676
23;2012-08-01 00:00:00.000;542400;736481139;1376
24;2012-08-01 00:00:00.000;542401;1308269548;48
25;2012-08-02 00:00:00.000;542402;2067471061;1456
26;2012-08-05 00:00:00.000;542403;657198715;2142.4
27;2012-08-06 00:00:00.000;542404;278664648;538.6
28;2012-08-07 00:00:00.000;542405;341234614;307.2
29;2012-08-08 00:00:00.000;542406;2085540522;420
30;2012-08-09 00:00:00.000;542407;81930041;1200.8
31;2012-08-12 00:00:00.000;542408;1303209528;1488.8
32;2012-08-13 00:00:00.000;542409;1836146817;468
33;2012-08-14 00:00:00.000;542410;1653782919;613.2
34;2012-08-14 00:00:00.000;542411;477415492;86.5
35;2012-08-15 00:00:00.000;542412;2081355378;155.4
36;2012-08-16 00:00:00.000;542413;2085540522;1414.8
37;2012-08-19 00:00:00.000;542414;515246263;1452
38;2012-08-20 00:00:00.000;542415;1516781599;2179.2
39;2012-08-21 00:00:00.000;542416;931016344;3016
40;2012-08-22 00:00:00.000;542417;121012805;924
41;2012-08-23 00:00:00.000;542418;1794425441;89
42;2012-08-26 00:00:00.000;542419;255184878;479.4
43;2012-08-27 00:00:00.000;542420;1791932167;2169
44;2012-08-27 00:00:00.000;542421;4935263;552.8
45;2012-08-28 00:00:00.000;542422;826541407;1296
46;2012-08-29 00:00:00.000;542423;916784178;848.7
47;2012-08-30 00:00:00.000;542424;109947221;1887.6
48;2012-09-02 00:00:00.000;542425;559854958;121.6
49;2012-09-03 00:00:00.000;542426;1278885295;1050.6
50;2012-09-04 00:00:00.000;542427;1465148911;1420
51;2012-09-05 00:00:00.000;542428;1098500117;3127
52;2012-09-06 00:00:00.000;542429;945408657;349.5
53;2012-09-09 00:00:00.000;542430;736481139;608
54;2012-09-09 00:00:00.000;542431;1332218874;755
55;2012-09-10 00:00:00.000;542432;1633663637;2708.8
56;2012-09-11 00:00:00.000;542433;29528280;1242
57;2012-09-12 00:00:00.000;542434;514061854;954.4
58;2012-09-13 00:00:00.000;542435;1113414108;4157
59;2012-09-16 00:00:00.000;542436;1313839138;498.5
60;2012-09-17 00:00:00.000;542437;479293896;424
61;2012-09-18 00:00:00.000;542438;628366765;88.8
62;2012-09-19 00:00:00.000;542439;1126075520;1762
63;2012-09-20 00:00:00.000;542440;1214097960;336
64;2012-09-20 00:00:00.000;542441;2064600934;268.8
65;2012-09-23 00:00:00.000;542442;1517178758;1614.8
66;2012-09-24 00:00:00.000;542443;1830889944;182.4
67;2012-09-25 00:00:00.000;542444;2058141374;2327
68;2012-09-26 00:00:00.000;542445;746121185;516.8
69;2012-09-27 00:00:00.000;542446;1889759953;2835
70;2012-09-30 00:00:00.000;542447;1137107509;288
71;2012-10-01 00:00:00.000;542448;163286356;240.4
72;2012-10-02 00:00:00.000;542449;1246534926;1191.2
73;2012-10-03 00:00:00.000;542450;1548658956;516
74;2012-10-03 00:00:00.000;542451;1246534926;144
75;2012-10-04 00:00:00.000;542452;2085540522;112
76;2012-10-07 00:00:00.000;542453;970692848;164.4
77;2012-10-08 00:00:00.000;542454;186875277;6155.9
78;2012-10-09 00:00:00.000;542455;2058141374;1497
79;2012-10-10 00:00:00.000;542456;1061819970;982
80;2012-10-11 00:00:00.000;542457;73441383;2262.5
81;2012-10-14 00:00:00.000;542458;2147109401;1168
82;2012-10-15 00:00:00.000;542459;4935263;4819.4
83;2012-10-16 00:00:00.000;542460;1846157843;1940
84;2012-10-16 00:00:00.000;542461;957215766;88.5
85;2012-10-17 00:00:00.000;542462;380707193;2233.6
86;2012-10-18 00:00:00.000;542463;675782592;954
87;2012-10-21 00:00:00.000;542464;1845640447;144.8
88;2012-10-22 00:00:00.000;542465;999273918;2545.2
89;2012-10-23 00:00:00.000;542466;882633371;316.8
90;2012-10-24 00:00:00.000;542467;866834159;2467
91;2012-10-25 00:00:00.000;542468;101463968;934.5
92;2012-10-28 00:00:00.000;542469;1945359609;3463.2
93;2012-10-29 00:00:00.000;542470;1815191758;2564.4
94;2012-10-29 00:00:00.000;542471;1913593531;412
95;2012-10-30 00:00:00.000;542472;461783204;2300.8
96;2012-10-31 00:00:00.000;542473;413913187;1586
97;2012-11-01 00:00:00.000;542474;1424010319;2856
98;2012-11-04 00:00:00.000;542475;1462954767;2924.8
99;2012-11-05 00:00:00.000;542476;2017115092;1731.2
100;2012-11-06 00:00:00.000;542477;1257084082;928
101;2012-11-07 00:00:00.000;542478;1927817304;396
102;2012-11-08 00:00:00.000;542479;1172594544;141.6
103;2012-11-11 00:00:00.000;542480;695530323;713.4
104;2012-11-11 00:00:00.000;542481;1172594544;5677.6
105;2012-11-12 00:00:00.000;542482;1907323163;154
106;2012-11-13 00:00:00.000;542483;1825397217;10741.6
107;2012-11-14 00:00:00.000;542484;826541407;568.8
108;2012-11-15 00:00:00.000;542485;1470336968;480
109;2012-11-18 00:00:00.000;542486;1488535073;1106.4
110;2012-11-19 00:00:00.000;542487;60706812;1360
111;2012-11-20 00:00:00.000;542488;2081355378;452
112;2012-11-21 00:00:00.000;542489;4935263;3654.4
113;2012-11-22 00:00:00.000;542490;1470336968;7390.2
114;2012-11-22 00:00:00.000;542491;485801899;2273.6
115;2012-11-25 00:00:00.000;542492;297640407;1549.6
116;2012-11-26 00:00:00.000;542493;1313839138;447.2
117;2012-11-26 00:00:00.000;542494;938211021;950
118;2012-11-27 00:00:00.000;542495;734875131;403.2
119;2012-11-28 00:00:00.000;542496;1877583830;136
120;2012-11-28 00:00:00.000;542497;1313839138;834.2
121;2012-11-29 00:00:00.000;542498;1306968267;1834.2
122;2012-12-02 00:00:00.000;542499;681653266;2527.2
123;2012-12-03 00:00:00.000;542500;307692555;1174
124;2012-12-03 00:00:00.000;542501;1473248269;91.2
125;2012-12-04 00:00:00.000;542502;695530323;12281.2
126;2012-12-05 00:00:00.000;542503;1922976082;1708
127;2012-12-05 00:00:00.000;542504;1465499502;459
128;2012-12-06 00:00:00.000;542505;4465165;338
129;2012-12-09 00:00:00.000;542506;42907624;420
130;2012-12-09 00:00:00.000;542507;2067471061;1016
131;2012-12-10 00:00:00.000;542508;935078266;103.2
132;2012-12-11 00:00:00.000;542509;945408657;959.2
133;2012-12-12 00:00:00.000;542510;910869283;1419.8
134;2012-12-12 00:00:00.000;542511;514061854;112
135;2012-12-13 00:00:00.000;542512;220633042;2900
136;2012-12-16 00:00:00.000;542513;29528280;899
137;2012-12-16 00:00:00.000;542514;38905933;2222.4
138;2012-12-17 00:00:00.000;542515;1965356988;864
139;2012-12-18 00:00:00.000;542516;1281235887;166
140;2012-12-18 00:00:00.000;542517;1492769284;1058.4
141;2012-12-19 00:00:00.000;542518;1473248269;1274
142;2012-12-20 00:00:00.000;542519;42907624;1832.8
143;2012-12-23 00:00:00.000;542520;1533041202;2275.2
144;2012-12-23 00:00:00.000;542521;821999275;86.4
145;2012-12-24 00:00:00.000;542522;1518641260;1440
146;2012-12-25 00:00:00.000;542523;1488535073;3302.6
147;2012-12-25 00:00:00.000;542524;360833814;442
148;2012-12-26 00:00:00.000;542525;559854958;2333.2
149;2012-12-27 00:00:00.000;542526;2058141374;1903.8
150;2012-12-27 00:00:00.000;542527;1098500117;843.2
151;2012-12-30 00:00:00.000;542528;1517178758;2736
152;2012-12-31 00:00:00.000;542529;2067471061;1765.6
153;2013-01-01 00:00:00.000;542530;4935263;3063
154;2013-01-01 00:00:00.000;542531;400799340;3868.6
155;2013-01-02 00:00:00.000;542532;1303156540;2713.5
156;2013-01-03 00:00:00.000;542533;1945359609;1005.9
157;2013-01-03 00:00:00.000;542534;1957449847;1675
158;2013-01-06 00:00:00.000;542535;1126508889;400
159;2013-01-07 00:00:00.000;542536;1504425722;2018.2
160;2013-01-07 00:00:00.000;542537;439435667;1194
161;2013-01-08 00:00:00.000;542538;1156844531;1622.4
162;2013-01-09 00:00:00.000;542539;1811776442;319.2
163;2013-01-10 00:00:00.000;542540;502797597;802
164;2013-01-10 00:00:00.000;542541;1836146817;1208.5
165;2013-01-13 00:00:00.000;542542;81930041;372
166;2013-01-14 00:00:00.000;542543;1465499502;2123.2
167;2013-01-14 00:00:00.000;542544;938211021;231.4
168;2013-01-15 00:00:00.000;542545;888465135;102.4
169;2013-01-16 00:00:00.000;542546;1061130044;720
170;2013-01-16 00:00:00.000;542547;1652803359;11283.2
171;2013-01-17 00:00:00.000;542548;1957449847;1814.8
172;2013-01-20 00:00:00.000;542549;1545491647;2208
173;2013-01-21 00:00:00.000;542550;360833814;1897.6
174;2013-01-21 00:00:00.000;542551;1339577057;1273.2
175;2013-01-22 00:00:00.000;542552;1332218874;49.8
176;2013-01-23 00:00:00.000;542553;1836146817;1020
177;2013-01-23 00:00:00.000;542554;783493985;11493.2
178;2013-01-24 00:00:00.000;542555;1061819970;480
179;2013-01-27 00:00:00.000;542556;255184878;338.2
180;2013-01-27 00:00:00.000;542557;307692555;651
181;2013-01-28 00:00:00.000;542558;1339577057;192
182;2013-01-29 00:00:00.000;542559;1172594544;1748.5
183;2013-01-30 00:00:00.000;542560;826541407;5796
184;2013-01-30 00:00:00.000;542561;220633042;2523
185;2013-01-31 00:00:00.000;542562;957215766;485
186;2013-02-03 00:00:00.000;542563;1283968288;851.2
187;2013-02-03 00:00:00.000;542564;957215766;360
188;2013-02-04 00:00:00.000;542565;109947221;631.6
189;2013-02-05 00:00:00.000;542566;850405861;2210.8
190;2013-02-05 00:00:00.000;542567;736481139;393
191;2013-02-06 00:00:00.000;542568;1615344970;567.5
192;2013-02-07 00:00:00.000;542569;1300700406;1078
193;2013-02-10 00:00:00.000;542570;1495911974;5793.1
194;2013-02-10 00:00:00.000;542571;121012805;1755
195;2013-02-11 00:00:00.000;542572;1196747589;1792
196;2013-02-12 00:00:00.000;542573;2147109401;537.6
197;2013-02-12 00:00:00.000;542574;1957449847;1031.7
198;2013-02-13 00:00:00.000;542575;42907624;174.9
199;2013-02-14 00:00:00.000;542576;556375552;273.6
200;2013-02-14 00:00:00.000;542577;736481139;914.4
201;2013-02-17 00:00:00.000;542578;970692848;443.4
202;2013-02-18 00:00:00.000;542579;1830889944;1838.2
203;2013-02-19 00:00:00.000;542580;1927817304;531.4
204;2013-02-19 00:00:00.000;542581;1453185919;4277.4
205;2013-02-20 00:00:00.000;542582;514061854;2096
206;2013-02-21 00:00:00.000;542583;207997840;453
207;2013-02-21 00:00:00.000;542584;1504903489;414
208;2013-02-24 00:00:00.000;542585;850712177;2684
209;2013-02-25 00:00:00.000;542586;825104726;656
210;2013-02-25 00:00:00.000;542587;81930041;1584
211;2013-02-26 00:00:00.000;542588;109947221;3891
212;2013-02-27 00:00:00.000;542589;1386805343;1688
213;2013-02-28 00:00:00.000;542590;888465135;234.8
214;2013-02-28 00:00:00.000;542591;95741677;2051.6
215;2013-03-03 00:00:00.000;542592;675782592;156
216;2013-03-04 00:00:00.000;542593;413913187;713.3
217;2013-03-04 00:00:00.000;542594;734875131;1848
218;2013-03-05 00:00:00.000;542595;895456800;2719
219;2013-03-06 00:00:00.000;542596;95741677;216
220;2013-03-06 00:00:00.000;542597;477415492;235.2
221;2013-03-07 00:00:00.000;542598;374372423;717.6
222;2013-03-10 00:00:00.000;542599;93724002;1125.5
223;2013-03-11 00:00:00.000;542600;859461927;1820.8
224;2013-03-11 00:00:00.000;542601;1836146817;1328
225;2013-03-12 00:00:00.000;542602;29528280;1051.2
226;2013-03-13 00:00:00.000;542603;2147109401;230.4
227;2013-03-13 00:00:00.000;542604;738492442;1249.1
228;2013-03-14 00:00:00.000;542605;576518111;1770.8
229;2013-03-17 00:00:00.000;542606;1151814624;182.4
230;2013-03-17 00:00:00.000;542607;239491713;672
231;2013-03-18 00:00:00.000;542608;1877583830;496
232;2013-03-19 00:00:00.000;542609;29528280;10495.6
233;2013-03-20 00:00:00.000;542610;850405861;756
234;2013-03-20 00:00:00.000;542611;931016344;1472
235;2013-03-21 00:00:00.000;542612;359805210;147
236;2013-03-24 00:00:00.000;542613;997010473;704
237;2013-03-24 00:00:00.000;542614;283156405;386.2
238;2013-03-25 00:00:00.000;542615;360833814;1760
239;2013-03-26 00:00:00.000;542616;1386805343;1272
240;2013-03-26 00:00:00.000;542617;1560773633;925.1
241;2013-03-27 00:00:00.000;542618;1633663637;1560
242;2013-03-28 00:00:00.000;542619;479293896;502.2
243;2013-03-31 00:00:00.000;542620;4465165;3163.2
244;2013-03-31 00:00:00.000;542621;559854958;305.3
245;2013-04-01 00:00:00.000;542622;239045823;896
246;2013-04-02 00:00:00.000;542623;1246534926;676
247;2013-04-02 00:00:00.000;542624;356230405;912
248;2013-04-03 00:00:00.000;542625;1646611263;278
249;2013-04-04 00:00:00.000;542626;421155371;200
250;2013-04-04 00:00:00.000;542627;1267393189;1380.6
251;2013-04-07 00:00:00.000;542628;32261494;575
252;2013-04-08 00:00:00.000;542629;1339577057;1412
253;2013-04-09 00:00:00.000;542630;1314228527;550.8
254;2013-04-09 00:00:00.000;542631;1813998535;149
255;2013-04-10 00:00:00.000;542632;497807045;816.3
256;2013-04-11 00:00:00.000;542633;746121185;2048.5
257;2013-04-11 00:00:00.000;542634;1913593531;1388.5
258;2013-04-14 00:00:00.000;542635;1791204181;147.9
259;2013-04-15 00:00:00.000;542636;374372423;462
260;2013-04-15 00:00:00.000;542637;1907323163;881.25
261;2013-04-16 00:00:00.000;542638;1287643567;240
262;2013-04-17 00:00:00.000;542639;787628762;136.8
263;2013-04-18 00:00:00.000;542640;1794425441;4735.44
264;2013-04-18 00:00:00.000;542641;232480437;3000
265;2013-04-21 00:00:00.000;542642;1371255881;618
266;2013-04-22 00:00:00.000;542643;1243798703;2427.5
267;2013-04-22 00:00:00.000;542644;413913187;8623.45
268;2013-04-23 00:00:00.000;542645;360833814;10588.5
269;2013-04-24 00:00:00.000;542646;803873961;2614.5
270;2013-04-24 00:00:00.000;542647;4935263;352
271;2013-04-25 00:00:00.000;542648;335400903;4150.05
272;2013-04-28 00:00:00.000;542649;1126508889;2356
273;2013-04-29 00:00:00.000;542650;969460617;200
274;2013-04-29 00:00:00.000;542651;783493985;225.5
275;2013-04-30 00:00:00.000;542652;1390056434;2657.8
276;2013-05-01 00:00:00.000;542653;169188080;2715.9
277;2013-05-01 00:00:00.000;542654;413913187;3192.65
278;2013-05-02 00:00:00.000;542655;170989184;846
279;2013-05-05 00:00:00.000;542656;2106156575;1344
280;2013-05-05 00:00:00.000;542657;32261494;1670
281;2013-05-06 00:00:00.000;542658;1858210412;396.2
282;2013-05-07 00:00:00.000;542659;1907323163;946
283;2013-05-08 00:00:00.000;542660;334811754;4180
284;2013-05-08 00:00:00.000;542661;850405861;110
285;2013-05-09 00:00:00.000;542662;999273918;796.35
286;2013-05-12 00:00:00.000;542663;655196161;2295.2
287;2013-05-12 00:00:00.000;542664;520471203;517.4
288;2013-05-13 00:00:00.000;542665;121012805;2156.5
289;2013-05-14 00:00:00.000;542666;821999275;2085
290;2013-05-14 00:00:00.000;542667;1267393189;1823.8
291;2013-05-15 00:00:00.000;542668;705238893;139.8
292;2013-05-16 00:00:00.000;542669;999273918;355.5
293;2013-05-19 00:00:00.000;542670;281663295;10191.7
294;2013-05-19 00:00:00.000;542671;1646611263;2162.8
295;2013-05-20 00:00:00.000;542672;283438320;493.8
296;2013-05-21 00:00:00.000;542673;380707193;1770
297;2013-05-21 00:00:00.000;542674;1172969531;417.2
298;2013-05-22 00:00:00.000;542675;866834159;210
299;2013-05-23 00:00:00.000;542676;186875277;2812
300;2013-05-23 00:00:00.000;542677;1098500117;1908
301;2013-05-26 00:00:00.000;542678;910869283;275.1
302;2013-05-27 00:00:00.000;542679;1646611263;4181.5
303;2013-05-28 00:00:00.000;542680;999273918;749
304;2013-05-28 00:00:00.000;542681;73441383;1836
305;2013-05-29 00:00:00.000;542682;1927817304;880.5
306;2013-05-30 00:00:00.000;542683;657198715;1546.3
307;2013-05-30 00:00:00.000;542684;1743551249;1819.5
308;2013-06-02 00:00:00.000;542685;969460617;3680.5
309;2013-06-03 00:00:00.000;542686;876637115;835.2
310;2013-06-03 00:00:00.000;542687;1856132118;1152.5
311;2013-06-04 00:00:00.000;542688;675782592;2142.9
312;2013-06-05 00:00:00.000;542689;281663295;547.8
313;2013-06-06 00:00:00.000;542690;60706812;1257.3
314;2013-06-06 00:00:00.000;542691;1794425441;2844.5
315;2013-06-09 00:00:00.000;542692;1999654005;543
316;2013-06-10 00:00:00.000;542693;274420627;965
317;2013-06-10 00:00:00.000;542694;953890120;1299
318;2013-06-11 00:00:00.000;542695;363577826;711
319;2013-06-12 00:00:00.000;542696;1096162708;2040
320;2013-06-12 00:00:00.000;542697;1657081922;3109
321;2013-06-13 00:00:00.000;542698;1548658956;155
322;2013-06-16 00:00:00.000;542699;1935629499;977.5
323;2013-06-17 00:00:00.000;542700;1935629499;2595
324;2013-06-17 00:00:00.000;542701;1478631312;647.75
325;2013-06-18 00:00:00.000;542702;75495457;1565.65
326;2013-06-19 00:00:00.000;542703;4465165;2082
327;2013-06-19 00:00:00.000;542704;1470336968;764.3
328;2013-06-20 00:00:00.000;542705;1257084082;2147.4
329;2013-06-23 00:00:00.000;542706;1401669454;838.45
330;2013-06-23 00:00:00.000;542707;1846157843;569
331;2013-06-24 00:00:00.000;542708;1159081495;477
332;2013-06-25 00:00:00.000;542709;2077370629;317.75
333;2013-06-26 00:00:00.000;542710;1504903489;1067.1
334;2013-06-26 00:00:00.000;542711;274420627;387.5
335;2013-06-27 00:00:00.000;542712;374372423;330
336;2013-06-30 00:00:00.000;542713;359805210;2413.9
337;2013-06-30 00:00:00.000;542714;681653266;625
338;2013-07-01 00:00:00.000;542715;479293896;142.5
339;2013-07-02 00:00:00.000;542716;359805210;28
340;2013-07-02 00:00:00.000;542717;681653266;807.38
341;2013-07-03 00:00:00.000;542718;2106156575;3900
342;2013-07-04 00:00:00.000;542719;457461682;72
343;2013-07-07 00:00:00.000;542720;681653266;1140
344;2013-07-07 00:00:00.000;542721;1999654005;812.5
345;2013-07-08 00:00:00.000;542722;1758682475;543.65
346;2013-07-09 00:00:00.000;542723;1453185919;2493
347;2013-07-09 00:00:00.000;542724;1827321603;565.5
348;2013-07-10 00:00:00.000;542725;1281235887;6300
349;2013-07-11 00:00:00.000;542726;1743551249;1476.1
350;2013-07-11 00:00:00.000;542727;232480437;800.1
351;2013-07-14 00:00:00.000;542728;1840904968;2388.5
352;2013-07-15 00:00:00.000;542729;461783204;493
353;2013-07-16 00:00:00.000;542730;1880615517;479.8
354;2013-07-16 00:00:00.000;542731;1834927678;2285
355;2013-07-17 00:00:00.000;542732;1137107509;65
356;2013-07-18 00:00:00.000;542733;1196747589;1508
357;2013-07-18 00:00:00.000;542734;1560773633;256.5
358;2013-07-21 00:00:00.000;542735;1927817304;4326
359;2013-07-22 00:00:00.000;542736;1113414108;1413
360;2013-07-22 00:00:00.000;542737;935078266;6475.4
361;2013-07-23 00:00:00.000;542738;60706812;1064
362;2013-07-24 00:00:00.000;542739;468987657;424
363;2013-07-25 00:00:00.000;542740;974054589;399
364;2013-07-25 00:00:00.000;542741;1214097960;808
365;2013-07-28 00:00:00.000;542742;1518641260;6375
366;2013-07-29 00:00:00.000;542743;628366765;358
367;2013-07-29 00:00:00.000;542744;93724002;464
368;2013-07-30 00:00:00.000;542745;1845640447;120
369;2013-07-31 00:00:00.000;542746;711744696;5032
370;2013-07-31 00:00:00.000;542747;380707193;1650
371;2013-08-01 00:00:00.000;542748;1818712615;2697.5
372;2013-08-04 00:00:00.000;542749;1322087325;1260
373;2013-08-05 00:00:00.000;542750;2106862247;57.5
374;2013-08-05 00:00:00.000;542751;233792539;758.5
375;2013-08-06 00:00:00.000;542752;421155371;605
376;2013-08-07 00:00:00.000;542753;1492769284;1429.75
377;2013-08-07 00:00:00.000;542754;1274201965;1393.24
378;2013-08-08 00:00:00.000;542755;297647012;479.75
379;2013-08-11 00:00:00.000;542756;2058141374;1503.6
380;2013-08-11 00:00:00.000;542757;502797597;1264.5
381;2013-08-12 00:00:00.000;542758;1999654005;450
382;2013-08-12 00:00:00.000;542759;233792539;2775.05
383;2013-08-13 00:00:00.000;542760;2017115092;918
384;2013-08-14 00:00:00.000;542761;2029948136;62
385;2013-08-14 00:00:00.000;542762;888465135;620
386;2013-08-15 00:00:00.000;542763;882633371;6483.05
387;2013-08-15 00:00:00.000;542764;281663295;4985.5
388;2013-08-18 00:00:00.000;542765;520471203;1380.25
389;2013-08-19 00:00:00.000;542766;744614158;629.5
390;2013-08-19 00:00:00.000;542767;974054589;2896.25
391;2013-08-20 00:00:00.000;542768;850405861;2720.05
392;2013-08-20 00:00:00.000;542769;502797597;500
393;2013-08-21 00:00:00.000;542770;1548658956;945
394;2013-08-22 00:00:00.000;542771;628366765;2054
395;2013-08-22 00:00:00.000;542772;1478631312;870
396;2013-08-25 00:00:00.000;542773;1313839138;1086
397;2013-08-25 00:00:00.000;542774;1727967494;1422
398;2013-08-26 00:00:00.000;542775;1246534926;1535
399;2013-08-27 00:00:00.000;542776;1478631312;1928
400;2013-08-27 00:00:00.000;542777;1791204181;636
401;2013-08-28 00:00:00.000;542778;859461927;382.5
402;2013-08-28 00:00:00.000;542779;1274201965;1434
403;2013-08-29 00:00:00.000;542780;1652803359;1820.2
404;2013-09-01 00:00:00.000;542781;1844332883;530.4
405;2013-09-01 00:00:00.000;542782;2077370629;331.78
406;2013-09-02 00:00:00.000;542783;1137107509;1203.5
407;2013-09-02 00:00:00.000;542784;943788341;668.7
408;2013-09-03 00:00:00.000;542785;803873961;193
409;2013-09-04 00:00:00.000;542786;1545491647;671.35
410;2013-09-04 00:00:00.000;542787;356230405;4371.6
411;2013-09-05 00:00:00.000;542788;850405861;4668
412;2013-09-05 00:00:00.000;542789;1930786396;1291.6
413;2013-09-08 00:00:00.000;542790;1615344970;1701
414;2013-09-09 00:00:00.000;542791;681653266;703.25
415;2013-09-09 00:00:00.000;542792;1545491647;125
416;2013-09-10 00:00:00.000;542793;1913593531;2032
417;2013-09-10 00:00:00.000;542794;669567603;1515.75
418;2013-09-11 00:00:00.000;542795;95741677;1295
419;2013-09-12 00:00:00.000;542796;1827321603;4666.94
420;2013-09-12 00:00:00.000;542797;278664648;1921
421;2013-09-15 00:00:00.000;542798;380707193;694.75
422;2013-09-15 00:00:00.000;542799;1907323163;570
423;2013-09-16 00:00:00.000;542800;1283968288;2301.75
424;2013-09-17 00:00:00.000;542801;1473248269;920.1
425;2013-09-17 00:00:00.000;542802;1061130044;4210.5
426;2013-09-18 00:00:00.000;542803;160267120;412.35
427;2013-09-18 00:00:00.000;542804;479293896;45
428;2013-09-19 00:00:00.000;542805;2064600934;1423
429;2013-09-22 00:00:00.000;542806;2106862247;534.85
430;2013-09-22 00:00:00.000;542807;1246534926;956.9
431;2013-09-23 00:00:00.000;542808;413913187;5256.5
432;2013-09-23 00:00:00.000;542809;109947221;660
433;2013-09-24 00:00:00.000;542810;888465135;1682.5
434;2013-09-25 00:00:00.000;542811;591655922;1327
435;2013-09-25 00:00:00.000;542812;1061819970;375.5
436;2013-09-26 00:00:00.000;542813;156752295;63
437;2013-09-26 00:00:00.000;542814;1846157843;1768
438;2013-09-29 00:00:00.000;542815;1132534445;801.1
439;2013-09-30 00:00:00.000;542816;1518641260;1638.45
440;2013-09-30 00:00:00.000;542817;1630271537;6201.9
441;2013-10-01 00:00:00.000;542818;479293896;3490
442;2013-10-01 00:00:00.000;542819;1137107509;630
443;2013-10-02 00:00:00.000;542820;630841263;1150
444;2013-10-03 00:00:00.000;542821;1518641260;10164.8
445;2013-10-03 00:00:00.000;542822;110254224;878
446;2013-10-06 00:00:00.000;542823;895456800;2334
447;2013-10-06 00:00:00.000;542824;233792539;4825
448;2013-10-07 00:00:00.000;542825;93724002;642
449;2013-10-08 00:00:00.000;542826;746121185;996
450;2013-10-08 00:00:00.000;542827;328626184;1073.9
451;2013-10-09 00:00:00.000;542828;1942977870;3600.73
452;2013-10-09 00:00:00.000;542829;479293896;114
453;2013-10-10 00:00:00.000;542830;1465499502;2048
454;2013-10-13 00:00:00.000;542831;1646611263;3370
455;2013-10-13 00:00:00.000;542832;2017115092;330
456;2013-10-14 00:00:00.000;542833;736481139;2545
457;2013-10-14 00:00:00.000;542834;1913593531;595.5
458;2013-10-15 00:00:00.000;542835;1339577057;378
459;2013-10-16 00:00:00.000;542836;413913187;1893
460;2013-10-16 00:00:00.000;542837;1913593531;1704
461;2013-10-17 00:00:00.000;542838;101463968;180.4
462;2013-10-17 00:00:00.000;542839;783493985;3424
463;2013-10-20 00:00:00.000;542840;1858210412;93.5
464;2013-10-21 00:00:00.000;542841;1818712615;4451.7
465;2013-10-21 00:00:00.000;542842;29528280;1238.4
466;2013-10-22 00:00:00.000;542843;1593666410;2827.9
467;2013-10-22 00:00:00.000;542844;821999275;2941
468;2013-10-23 00:00:00.000;542845;1791204181;1296
469;2013-10-24 00:00:00.000;542846;1856132118;706
470;2013-10-24 00:00:00.000;542847;75495457;1331.75
471;2013-10-27 00:00:00.000;542848;1548407596;3463
472;2013-10-27 00:00:00.000;542849;1465148911;1125.67
473;2013-10-28 00:00:00.000;542850;1257084082;550
474;2013-10-29 00:00:00.000;542851;1771709705;972.5
475;2013-10-29 00:00:00.000;542852;1156844531;1570
476;2013-10-30 00:00:00.000;542853;1844332883;468.45
477;2013-10-30 00:00:00.000;542854;1827321603;638.5
478;2013-10-31 00:00:00.000;542855;109947221;287.8
479;2013-11-03 00:00:00.000;542856;163286356;655
480;2013-11-03 00:00:00.000;542857;1061819970;1710
481;2013-11-04 00:00:00.000;542858;1159081495;1296.75
482;2013-11-04 00:00:00.000;542859;4935263;1850
483;2013-11-05 00:00:00.000;542860;1818712615;509.75
484;2013-11-06 00:00:00.000;542861;207997840;1990
485;2013-11-06 00:00:00.000;542862;1488535073;360
486;2013-11-07 00:00:00.000;542863;1461640169;1459
487;2013-11-07 00:00:00.000;542864;439435667;1498.35
488;2013-11-10 00:00:00.000;542865;1877583830;596
489;2013-11-11 00:00:00.000;542866;1909579947;997
490;2013-11-11 00:00:00.000;542867;1242394860;139.8
491;2013-11-12 00:00:00.000;542868;160267120;52.35
492;2013-11-12 00:00:00.000;542869;1548658956;240
493;2013-11-13 00:00:00.000;542870;29528280;1770
494;2013-11-14 00:00:00.000;542871;283438320;285
495;2013-11-14 00:00:00.000;542872;514061854;3118
496;2013-11-17 00:00:00.000;542873;88315192;336
497;2013-11-17 00:00:00.000;542874;341234614;920
498;2013-11-18 00:00:00.000;542875;1214097960;4529.8
499;2013-11-19 00:00:00.000;542876;866834159;2311.7
500;2013-11-19 00:00:00.000;542877;910869283;1912.85
501;2013-11-20 00:00:00.000;542878;1593666410;2196
502;2013-11-20 00:00:00.000;542879;910869283;1080
503;2013-11-21 00:00:00.000;542880;96758754;1871.25
504;2013-11-24 00:00:00.000;542881;281663295;1701.46
505;2013-11-24 00:00:00.000;542882;724289816;252
506;2013-11-25 00:00:00.000;542883;931016344;88
507;2013-11-25 00:00:00.000;542884;1006567026;55.2
508;2013-11-26 00:00:00.000;542885;315018466;2598
509;2013-11-27 00:00:00.000;542886;576518111;2487.5
510;2013-11-27 00:00:00.000;542887;1424010319;3082
511;2013-11-28 00:00:00.000;542888;1424010319;1644.6
512;2013-11-28 00:00:00.000;542889;439435667;320
513;2013-12-01 00:00:00.000;542890;1274201965;3304
514;2013-12-02 00:00:00.000;542891;681653266;629.5
515;2013-12-02 00:00:00.000;542892;1257084082;4337
516;2013-12-03 00:00:00.000;542893;1646611263;616
517;2013-12-03 00:00:00.000;542894;1846157843;2540
518;2013-12-04 00:00:00.000;542895;1484796951;1684
519;2013-12-05 00:00:00.000;542896;1465499502;2310
520;2013-12-05 00:00:00.000;542897;56588231;28
521;2013-12-08 00:00:00.000;542898;2085540522;1477
522;2013-12-08 00:00:00.000;542899;724289816;1704
523;2013-12-09 00:00:00.000;542900;374372423;315
524;2013-12-10 00:00:00.000;542901;935078266;344
525;2013-12-10 00:00:00.000;542902;1517178758;3603.22
526;2013-12-11 00:00:00.000;542903;1233874663;2216.25
527;2013-12-11 00:00:00.000;542904;283438320;875
528;2013-12-12 00:00:00.000;542905;657198715;228
529;2013-12-15 00:00:00.000;542906;1858210412;6984.5
530;2013-12-15 00:00:00.000;542907;1478631312;280
531;2013-12-16 00:00:00.000;542908;2081355378;96.5
532;2013-12-16 00:00:00.000;542909;2073889577;1335
533;2013-12-16 00:00:00.000;542910;675782592;720
534;2013-12-17 00:00:00.000;542911;1339577057;1132.35
535;2013-12-17 00:00:00.000;542912;1909579947;12.5
536;2013-12-18 00:00:00.000;542913;787628762;1442.5
537;2013-12-18 00:00:00.000;542914;502797597;1650
538;2013-12-18 00:00:00.000;542915;1332218874;387.5
539;2013-12-19 00:00:00.000;542916;935078266;1913.85
540;2013-12-19 00:00:00.000;542917;1405178900;2760.8
541;2013-12-22 00:00:00.000;542918;1303209528;770
542;2013-12-22 00:00:00.000;542919;468987657;3687
543;2013-12-22 00:00:00.000;542920;380707193;850
544;2013-12-23 00:00:00.000;542921;1242394860;1926.06
545;2013-12-23 00:00:00.000;542922;705238893;399.85
546;2013-12-24 00:00:00.000;542923;965227661;191.1
547;2013-12-24 00:00:00.000;542924;380707193;393.45
548;2013-12-24 00:00:00.000;542925;1113414108;2499.25
549;2013-12-25 00:00:00.000;542926;278664648;2878.08
550;2013-12-25 00:00:00.000;542927;88315192;420
551;2013-12-26 00:00:00.000;542928;1061130044;446.6
552;2013-12-26 00:00:00.000;542929;1830889944;1585
553;2013-12-26 00:00:00.000;542930;1214097960;1632.15
554;2013-12-29 00:00:00.000;542931;1504425722;4035.8
555;2013-12-29 00:00:00.000;542932;1281235887;3923.75
556;2013-12-30 00:00:00.000;542933;1078564922;1255.8
557;2013-12-30 00:00:00.000;542934;1137107509;2290.4
558;2013-12-30 00:00:00.000;542935;283438320;2775
559;2013-12-31 00:00:00.000;542936;1758682475;572.1
560;2013-12-31 00:00:00.000;542937;207997840;18.4
561;2014-01-01 00:00:00.000;542938;160267120;1660
562;2014-01-01 00:00:00.000;542939;1453185919;140
563;2014-01-01 00:00:00.000;542940;1615344970;187
564;2014-01-02 00:00:00.000;542941;2067471061;852
565;2014-01-02 00:00:00.000;542942;220633042;1852
566;2014-01-05 00:00:00.000;542943;576518111;648
567;2014-01-05 00:00:00.000;542944;363577826;2070
568;2014-01-05 00:00:00.000;542945;744614158;40
569;2014-01-06 00:00:00.000;542946;356230405;8891
570;2014-01-06 00:00:00.000;542947;1999654005;11490.7
571;2014-01-07 00:00:00.000;542948;1791932167;833
572;2014-01-07 00:00:00.000;542949;819795782;477
573;2014-01-07 00:00:00.000;542950;628366765;1140
574;2014-01-08 00:00:00.000;542951;1420247420;678
575;2014-01-08 00:00:00.000;542952;307692555;237.9
576;2014-01-09 00:00:00.000;542953;1844332883;3107.5
577;2014-01-09 00:00:00.000;542954;81930041;250.8
578;2014-01-09 00:00:00.000;542955;1274201965;1030.76
579;2014-01-12 00:00:00.000;542956;974054589;730
580;2014-01-12 00:00:00.000;542957;274420627;843
581;2014-01-13 00:00:00.000;542958;1495911974;932
582;2014-01-13 00:00:00.000;542959;1462650779;1764
583;2014-01-13 00:00:00.000;542960;2146774282;1974
584;2014-01-14 00:00:00.000;542961;711744696;2684.4
585;2014-01-14 00:00:00.000;542962;2085540522;568.95
586;2014-01-15 00:00:00.000;542963;457461682;1007.7
587;2014-01-15 00:00:00.000;542964;1907323163;1508.12
588;2014-01-15 00:00:00.000;542965;882633371;851
589;2014-01-16 00:00:00.000;542966;997010473;4705.5
590;2014-01-16 00:00:00.000;542967;711744696;1254
591;2014-01-19 00:00:00.000;542968;1930786396;2584.5
592;2014-01-19 00:00:00.000;542969;2106156575;919.5
593;2014-01-19 00:00:00.000;542970;239491713;264
594;2014-01-20 00:00:00.000;542971;29528280;4581
595;2014-01-20 00:00:00.000;542972;1999654005;975
596;2014-01-21 00:00:00.000;542973;520471203;212
597;2014-01-21 00:00:00.000;542974;502797597;735
598;2014-01-21 00:00:00.000;542975;1836146817;4059
599;2014-01-22 00:00:00.000;542976;1633663637;1112
600;2014-01-22 00:00:00.000;542977;473988844;6164.9
601;2014-01-23 00:00:00.000;542978;1462650779;931.5
602;2014-01-23 00:00:00.000;542979;1186767572;1052.14
603;2014-01-23 00:00:00.000;542980;734875131;740
604;2014-01-26 00:00:00.000;542981;1999467767;2740
605;2014-01-26 00:00:00.000;542982;170989184;2984
606;2014-01-27 00:00:00.000;542983;73441383;625
607;2014-01-27 00:00:00.000;542984;283438320;3490
608;2014-01-27 00:00:00.000;542985;711744696;2275.25
609;2014-01-28 00:00:00.000;542986;2067471061;660
610;2014-01-28 00:00:00.000;542987;1942977870;2630.95
611;2014-01-29 00:00:00.000;542988;1845640447;649
612;2014-01-29 00:00:00.000;542989;1006567026;1438.25
613;2014-01-29 00:00:00.000;542990;1257727963;519
614;2014-01-30 00:00:00.000;542991;1006567026;3523.4
615;2014-01-30 00:00:00.000;542992;1518641260;581
616;2014-02-02 00:00:00.000;542993;895456800;519
617;2014-02-02 00:00:00.000;542994;1815191758;282
618;2014-02-02 00:00:00.000;542995;363577826;17250
619;2014-02-03 00:00:00.000;542996;1889759953;1461.6
620;2014-02-03 00:00:00.000;542997;1930786396;98.4
621;2014-02-04 00:00:00.000;542998;1470336968;2004.6
622;2014-02-04 00:00:00.000;542999;255184878;1630
623;2014-02-04 00:00:00.000;543000;1858210412;160
624;2014-02-05 00:00:00.000;543001;1098500117;2083.4
625;2014-02-05 00:00:00.000;543002;297640407;2166.8
626;2014-02-06 00:00:00.000;543003;374372423;336.8
627;2014-02-06 00:00:00.000;543004;1172969531;310
628;2014-02-06 00:00:00.000;543005;1339577057;729.5
629;2014-02-09 00:00:00.000;543006;910869283;917
630;2014-02-09 00:00:00.000;543007;520471203;2086
631;2014-02-10 00:00:00.000;543008;1652803359;1620
632;2014-02-10 00:00:00.000;543009;1856132118;611.3
633;2014-02-10 00:00:00.000;543010;1420247420;1875
634;2014-02-11 00:00:00.000;543011;559854958;150
635;2014-02-11 00:00:00.000;543012;207997840;988.4
636;2014-02-12 00:00:00.000;543013;559854958;36
637;2014-02-12 00:00:00.000;543014;1935629499;1450.6
638;2014-02-12 00:00:00.000;543015;695530323;1209
639;2014-02-13 00:00:00.000;543016;845750885;3127.5
640;2014-02-13 00:00:00.000;543017;2106156575;70
641;2014-02-16 00:00:00.000;543018;876637115;605
642;2014-02-16 00:00:00.000;543019;866834159;11380
643;2014-02-16 00:00:00.000;543020;974054589;860.1
644;2014-02-17 00:00:00.000;543021;461783204;388.35
645;2014-02-17 00:00:00.000;543022;156752295;2200
646;2014-02-18 00:00:00.000;543023;1462650779;5502.11
647;2014-02-18 00:00:00.000;543024;931016344;2898
648;2014-02-18 00:00:00.000;543025;1281235887;6379.4
649;2014-02-19 00:00:00.000;543026;1794425441;750.5
650;2014-02-19 00:00:00.000;543027;363577826;10835.24
651;2014-02-20 00:00:00.000;543028;1322087325;30
652;2014-02-20 00:00:00.000;543029;1390056434;144
653;2014-02-20 00:00:00.000;543030;1492769284;45
654;2014-02-23 00:00:00.000;543031;239045823;934.5
655;2014-02-23 00:00:00.000;543032;283438320;1015.8
656;2014-02-24 00:00:00.000;543033;1653782919;932.05
657;2014-02-24 00:00:00.000;543034;1945359609;1924.25
658;2014-02-24 00:00:00.000;543035;556375552;360
659;2014-02-25 00:00:00.000;543036;163286356;427.5
660;2014-02-25 00:00:00.000;543037;931016344;108.5
661;2014-02-26 00:00:00.000;543038;1006567026;698
662;2014-02-26 00:00:00.000;543039;1846157843;670
663;2014-02-26 00:00:00.000;543040;274420627;452.9
664;2014-02-26 00:00:00.000;543041;93724002;858
665;2014-02-26 00:00:00.000;543042;283156405;8267.4
666;2014-02-26 00:00:00.000;543043;359805210;958.75
667;2014-02-27 00:00:00.000;543044;360833814;537.5
668;2014-02-27 00:00:00.000;543045;2106156575;539.5
669;2014-02-27 00:00:00.000;543046;1061819970;686.7
670;2014-03-02 00:00:00.000;543047;2146774282;365.89
671;2014-03-02 00:00:00.000;543048;207997840;1930
672;2014-03-02 00:00:00.000;543049;826541407;1122.8
673;2014-03-03 00:00:00.000;543050;711744696;390
674;2014-03-03 00:00:00.000;543051;1657081922;1936
675;2014-03-03 00:00:00.000;543052;1484796951;742.5
676;2014-03-03 00:00:00.000;543053;1913593531;936
677;2014-03-04 00:00:00.000;543054;2146774282;2034.5
678;2014-03-04 00:00:00.000;543055;1159081495;559
679;2014-03-04 00:00:00.000;543056;876637115;514.4
680;2014-03-05 00:00:00.000;543057;477415492;800
681;2014-03-05 00:00:00.000;543058;274420627;137.5
682;2014-03-05 00:00:00.000;543059;1830889944;1174.75
683;2014-03-06 00:00:00.000;543060;1516781599;2455
684;2014-03-06 00:00:00.000;543061;1978121634;837
685;2014-03-06 00:00:00.000;543062;1308269548;1925.5
686;2014-03-06 00:00:00.000;543063;556375552;920.6
687;2014-03-09 00:00:00.000;543064;1281235887;500
688;2014-03-09 00:00:00.000;543065;1078564922;700
689;2014-03-09 00:00:00.000;543066;121012805;570
690;2014-03-10 00:00:00.000;543067;42907624;644.8
691;2014-03-10 00:00:00.000;543068;1930786396;3642.5
692;2014-03-10 00:00:00.000;543069;953890120;750
693;2014-03-11 00:00:00.000;543070;186875277;360
694;2014-03-11 00:00:00.000;543071;2093959316;4769
695;2014-03-11 00:00:00.000;543072;81930041;560
696;2014-03-11 00:00:00.000;543073;233792539;711
697;2014-03-12 00:00:00.000;543074;1308269548;1139.1
698;2014-03-12 00:00:00.000;543075;1727967494;245
699;2014-03-12 00:00:00.000;543076;945408657;1407.5
700;2014-03-13 00:00:00.000;543077;783493985;220
701;2014-03-13 00:00:00.000;543078;1593666410;2362.25
702;2014-03-13 00:00:00.000;543079;278664648;4422
703;2014-03-16 00:00:00.000;543080;109947221;110
704;2014-03-16 00:00:00.000;543081;541362994;482.9
705;2014-03-16 00:00:00.000;543082;233792539;491.2
706;2014-03-16 00:00:00.000;543083;1078564922;4675
707;2014-03-17 00:00:00.000;543084;363577826;1902.1
708;2014-03-17 00:00:00.000;543085;2146774282;93
709;2014-03-17 00:00:00.000;543086;1974487004;677
710;2014-03-18 00:00:00.000;543087;110254224;1762.7
711;2014-03-18 00:00:00.000;543088;1836146817;781
712;2014-03-18 00:00:00.000;543089;1300700406;155
713;2014-03-19 00:00:00.000;543090;95741677;276.6
714;2014-03-19 00:00:00.000;543091;738492442;1122
715;2014-03-19 00:00:00.000;543092;1403683793;3584
716;2014-03-19 00:00:00.000;543093;1815191758;68
717;2014-03-20 00:00:00.000;543094;400799340;2052.5
718;2014-03-20 00:00:00.000;543095;559854958;848
719;2014-03-20 00:00:00.000;543096;938211021;1255.6
720;2014-03-23 00:00:00.000;543097;888465135;910.4
721;2014-03-23 00:00:00.000;543098;160267120;1408
722;2014-03-23 00:00:00.000;543099;1300700406;108
723;2014-03-24 00:00:00.000;543100;1063954413;280
724;2014-03-24 00:00:00.000;543101;515246263;1733.06
725;2014-03-24 00:00:00.000;543102;2147109401;251.5
726;2014-03-24 00:00:00.000;543103;1159081495;291.55
727;2014-03-25 00:00:00.000;543104;473988844;439
728;2014-03-25 00:00:00.000;543105;1488535073;717.5
729;2014-03-25 00:00:00.000;543106;1827321603;912
730;2014-03-26 00:00:00.000;543107;711744696;2233
731;2014-03-26 00:00:00.000;543108;1143984120;1500.7
732;2014-03-26 00:00:00.000;543109;1927817304;4813.5
733;2014-03-27 00:00:00.000;543110;556375552;310
734;2014-03-27 00:00:00.000;543111;1597932280;15810
735;2014-03-27 00:00:00.000;543112;628366765;1014
736;2014-03-27 00:00:00.000;543113;1811776442;796.5
737;2014-03-30 00:00:00.000;543114;734875131;1809.75
738;2014-03-30 00:00:00.000;543115;1840904968;2248.2
739;2014-03-30 00:00:00.000;543116;1825397217;2220
740;2014-03-31 00:00:00.000;543117;1492769284;2772
741;2014-03-31 00:00:00.000;543118;473988844;3772
742;2014-03-31 00:00:00.000;543119;1844332883;1353.6
743;2014-04-01 00:00:00.000;543120;859461927;4931
744;2014-04-01 00:00:00.000;543121;1308269548;2870
745;2014-04-01 00:00:00.000;543122;1300700406;69.6
746;2014-04-01 00:00:00.000;543123;1313839138;6527.25
747;2014-04-02 00:00:00.000;543124;297640407;990
748;2014-04-02 00:00:00.000;543125;1313839138;1196
749;2014-04-02 00:00:00.000;543126;1287643567;560
750;2014-04-03 00:00:00.000;543127;156752295;1980
751;2014-04-03 00:00:00.000;543128;1517178758;686
752;2014-04-03 00:00:00.000;543129;1818712615;1261
753;2014-04-06 00:00:00.000;543130;1492769284;1075
754;2014-04-06 00:00:00.000;543131;1278885295;2769
755;2014-04-06 00:00:00.000;543132;1813998535;1902
756;2014-04-06 00:00:00.000;543133;1653782919;326
757;2014-04-07 00:00:00.000;543134;999273918;295.38
758;2014-04-07 00:00:00.000;543135;1243798703;586
759;2014-04-07 00:00:00.000;543136;732912696;391.58
760;2014-04-08 00:00:00.000;543137;356230405;2633.9
761;2014-04-08 00:00:00.000;543138;2146774282;4903.5
762;2014-04-08 00:00:00.000;543139;1196747589;702
763;2014-04-09 00:00:00.000;543140;969460617;645
764;2014-04-09 00:00:00.000;543141;1172594544;960
765;2014-04-09 00:00:00.000;543142;1243798703;2974
766;2014-04-09 00:00:00.000;543143;2093959316;361
767;2014-04-10 00:00:00.000;543144;233792539;270.2
768;2014-04-10 00:00:00.000;543145;655196161;622.35
769;2014-04-10 00:00:00.000;543146;1830889944;491.5
770;2014-04-13 00:00:00.000;543147;110254224;6750
771;2014-04-13 00:00:00.000;543148;1465499502;1575
772;2014-04-13 00:00:00.000;543149;938211021;76
773;2014-04-14 00:00:00.000;543150;953890120;744
774;2014-04-14 00:00:00.000;543151;497807045;6941.49
775;2014-04-14 00:00:00.000;543152;2073889577;1402
776;2014-04-14 00:00:00.000;543153;1465148911;1500
777;2014-04-15 00:00:00.000;543154;559854958;1966.81
778;2014-04-15 00:00:00.000;543155;1063954413;300
779;2014-04-15 00:00:00.000;543156;297647012;1030
780;2014-04-16 00:00:00.000;543157;1942977870;1170.3
781;2014-04-16 00:00:00.000;543158;502797597;2160
782;2014-04-16 00:00:00.000;543159;1257084082;1286.8
783;2014-04-17 00:00:00.000;543160;1113414108;16321.9
784;2014-04-17 00:00:00.000;543161;1348090945;2393.5
785;2014-04-17 00:00:00.000;543162;1156844531;8902.5
786;2014-04-17 00:00:00.000;543163;278664648;3592
787;2014-04-20 00:00:00.000;543164;938211021;554.4
788;2014-04-20 00:00:00.000;543165;1548658956;1754.5
789;2014-04-20 00:00:00.000;543166;1999654005;1692
790;2014-04-21 00:00:00.000;543167;1927817304;60
791;2014-04-21 00:00:00.000;543168;1516781599;751
792;2014-04-21 00:00:00.000;543169;1386805343;3090
793;2014-04-22 00:00:00.000;543170;1159081495;200
794;2014-04-22 00:00:00.000;543171;556375552;1887
795;2014-04-22 00:00:00.000;543172;1518641260;405.75
796;2014-04-22 00:00:00.000;543173;232480437;210
797;2014-04-23 00:00:00.000;543174;1159081495;591.6
798;2014-04-23 00:00:00.000;543175;2147109401;1309.5
799;2014-04-23 00:00:00.000;543176;734875131;1564
800;2014-04-24 00:00:00.000;543177;1473248269;1090.5
801;2014-04-24 00:00:00.000;543178;95741677;525
802;2014-04-24 00:00:00.000;543179;468987657;342
803;2014-04-27 00:00:00.000;543180;374372423;900
804;2014-04-27 00:00:00.000;543181;657198715;45
805;2014-04-27 00:00:00.000;543182;1545491647;1665
806;2014-04-27 00:00:00.000;543183;2017115092;3658.75
807;2014-04-28 00:00:00.000;543184;1159081495;305
808;2014-04-28 00:00:00.000;543185;356230405;1727.5
809;2014-04-28 00:00:00.000;543186;1461640169;3740
810;2014-04-29 00:00:00.000;543187;239491713;45
811;2014-04-29 00:00:00.000;543188;163286356;858
812;2014-04-29 00:00:00.000;543189;734875131;1838
813;2014-04-30 00:00:00.000;543190;2147109401;266
814;2014-04-30 00:00:00.000;543191;1061130044;510
815;2014-04-30 00:00:00.000;543192;655196161;508
816;2014-04-30 00:00:00.000;543193;497807045;1445.5
817;2014-05-01 00:00:00.000;543194;1405178900;4722.3
818;2014-05-01 00:00:00.000;543195;850405861;252.56
819;2014-05-01 00:00:00.000;543196;1844332883;928.75
820;2014-05-04 00:00:00.000;543197;819795782;86.85
821;2014-05-04 00:00:00.000;543198;29528280;2384.8
822;2014-05-04 00:00:00.000;543199;1834927678;360
823;2014-05-05 00:00:00.000;543200;363577826;1873.5
824;2014-05-05 00:00:00.000;543201;1945359609;510
825;2014-05-05 00:00:00.000;543202;360833814;5218
826;2014-05-05 00:00:00.000;543203;60706812;300
827;2014-05-06 00:00:00.000;543204;170989184;244.3
828;2014-05-06 00:00:00.000;543205;705238893;586
829;2014-05-06 00:00:00.000;543206;1836146817;1057
830;2014-05-06 00:00:00.000;543207;825104726;1374.6
